{
  "benchmark_date": "2026-02-12 06:22:41",
  "num_results": 4,
  "results": [
    {
      "method_name": "Gradient",
      "image_size": [
        128,
        128
      ],
      "target_ratio": 0.8,
      "preprocessing_time_ms": 17.041350249996867,
      "energy_computation_time_ms": 204.4962029999624,
      "seam_carving_time_ms": 119.28945174997806,
      "total_time_ms": 340.82700499993734,
      "throughput_mbps": 0.04807130819931071,
      "peak_memory_mb": 0.73046875,
      "actual_compression_ratio": 0.793212890625,
      "pixels_removed": 3388,
      "pixels_removed_percent": 20.6787109375,
      "energy_function_calls": 1,
      "ssim": 0.7680978535255759,
      "psnr": 12.499517401263859,
      "lpips": 0.23121802508831024,
      "feature_similarity": 0.52695631980896,
      "semantic_preservation_score": 0.52695631980896,
      "edge_preservation": 0.10740951577708341,
      "color_fidelity": 0.9536671727210811,
      "structural_similarity": 0.05817827190121428,
      "msssim": NaN,
      "vsi": 0.7680978535255759
    },
    {
      "method_name": "Saliency",
      "image_size": [
        128,
        128
      ],
      "target_ratio": 0.8,
      "preprocessing_time_ms": 18.076760099984313,
      "energy_computation_time_ms": 216.92112119981175,
      "seam_carving_time_ms": 126.53732069989017,
      "total_time_ms": 361.53520199968625,
      "throughput_mbps": 0.04531785538276358,
      "peak_memory_mb": 0.0,
      "actual_compression_ratio": 0.793212890625,
      "pixels_removed": 3388,
      "pixels_removed_percent": 20.6787109375,
      "energy_function_calls": 1,
      "ssim": 0.8506359804878559,
      "psnr": 19.2285420426261,
      "lpips": 0.07277794182300568,
      "feature_similarity": 0.7667221426963806,
      "semantic_preservation_score": 0.7667221426963806,
      "edge_preservation": 0.3046296059528077,
      "color_fidelity": 0.9862321751815714,
      "structural_similarity": 0.4229547690823616,
      "msssim": 0.2867321227056522,
      "vsi": 0.8506359804878559
    },
    {
      "method_name": "Deep",
      "image_size": [
        128,
        128
      ],
      "target_ratio": 0.8,
      "preprocessing_time_ms": 100.40850974999103,
      "energy_computation_time_ms": 1204.9021169998923,
      "seam_carving_time_ms": 702.8595682499372,
      "total_time_ms": 2008.1701949998205,
      "throughput_mbps": 0.008158671033359034,
      "peak_memory_mb": 0.0,
      "actual_compression_ratio": 0.793212890625,
      "pixels_removed": 3388,
      "pixels_removed_percent": 20.6787109375,
      "energy_function_calls": 1,
      "ssim": 0.8398836143181295,
      "psnr": 19.252949163761564,
      "lpips": 0.07530452311038971,
      "feature_similarity": 0.7908103466033936,
      "semantic_preservation_score": 0.7908103466033936,
      "edge_preservation": 0.23849912199276302,
      "color_fidelity": 0.9794281081876178,
      "structural_similarity": 0.40330694287661256,
      "msssim": 0.3172408497461846,
      "vsi": 0.8398836143181295
    },
    {
      "method_name": "Hybrid",
      "image_size": [
        128,
        128
      ],
      "target_ratio": 0.8,
      "preprocessing_time_ms": 107.0808736500112,
      "energy_computation_time_ms": 1284.9704838001344,
      "seam_carving_time_ms": 749.5661155500784,
      "total_time_ms": 2141.617473000224,
      "throughput_mbps": 0.007650292457246069,
      "peak_memory_mb": 0.0,
      "actual_compression_ratio": 0.793212890625,
      "pixels_removed": 3388,
      "pixels_removed_percent": 20.6787109375,
      "energy_function_calls": 1,
      "ssim": 0.8501456772788727,
      "psnr": 19.225917203450393,
      "lpips": 0.07262473553419113,
      "feature_similarity": 0.7864612936973572,
      "semantic_preservation_score": 0.7864612936973572,
      "edge_preservation": 0.30425902888163536,
      "color_fidelity": 0.978402370899334,
      "structural_similarity": 0.42342616207220923,
      "msssim": 0.35520461675302556,
      "vsi": 0.8501456772788727
    }
  ]
}